x,y,z,A,B,C,button,T,delta_ms
102.236,-419.043,-699.085,-0.0213783,-0.819754,-0.0204789,0,1755591879603,0
102.272,-419.068,-699.11,-0.02131,-0.819788,-0.0204908,0,1755591879611,8
102.149,-418.863,-698.654,-0.0210817,-0.819765,-0.0201907,0,1755591879619,8
102.158,-418.854,-698.656,-0.0210783,-0.819753,-0.0201633,0,1755591879627,8
102.034,-419.025,-698.96,-0.0210489,-0.819726,-0.0200173,0,1755591879635,8
102.01,-419.013,-698.964,-0.0211654,-0.819738,-0.0200877,0,1755591879643,8
102.012,-419.033,-698.986,-0.0211245,-0.819723,-0.0200794,0,1755591879651,8
101.868,-418.832,-698.62,-0.0211816,-0.819826,-0.0201349,0,1755591879659,8
101.848,-418.827,-698.62,-0.0211091,-0.819773,-0.0201609,0,1755591879667,8
101.958,-418.829,-698.539,-0.0210689,-0.819605,-0.0199883,0,1755591879675,8
101.948,-418.829,-698.534,-0.0210878,-0.819518,-0.0199887,0,1755591879683,8
101.953,-418.836,-698.531,-0.020976,-0.819585,-0.0199998,0,1755591879691,8
102.071,-418.807,-698.64,-0.0212605,-0.819558,-0.020123,0,1755591879699,8
102.08,-418.801,-698.646,-0.0212428,-0.819559,-0.0201931,0,1755591879707,8
102.098,-418.809,-698.645,-0.0212429,-0.819621,-0.0201326,0,1755591879715,8
102.144,-418.844,-698.885,-0.0213749,-0.819655,-0.0204092,0,1755591879723,8
102.178,-418.868,-698.904,-0.021306,-0.819665,-0.0204334,0,1755591879731,8
102.089,-418.893,-698.68,-0.0210584,-0.819683,-0.0201729,0,1755591879739,8
102.094,-418.888,-698.67,-0.0210585,-0.819667,-0.0201405,0,1755591879747,8
102.112,-418.912,-698.669,-0.0210794,-0.819663,-0.0201689,0,1755591879755,8
102.15,-419.16,-699.135,-0.0209568,-0.819499,-0.0198659,0,1755591879763,8
102.169,-419.189,-699.152,-0.0210247,-0.819465,-0.0199572,0,1755591879771,8
102.158,-419.149,-699.131,-0.0209412,-0.819477,-0.0199766,0,1755591879779,8
102.176,-419.175,-699.147,-0.0210377,-0.819472,-0.0201124,0,1755591879787,8
102.118,-419.195,-699.158,-0.0210841,-0.819592,-0.020202,0,1755591879795,8
102.114,-419.2,-699.163,-0.0210363,-0.819581,-0.0201521,0,1755591879803,8
102.129,-419.232,-699.178,-0.0210793,-0.819623,-0.0202962,0,1755591879811,8
102.182,-419.151,-698.99,-0.0207555,-0.819477,-0.0198633,0,1755591879819,8
102.198,-419.17,-698.999,-0.0207199,-0.819502,-0.0198613,0,1755591879827,8
102.218,-419.201,-699.003,-0.0206877,-0.819532,-0.0197593,0,1755591879835,8
101.946,-418.88,-698.697,-0.0207979,-0.819712,-0.0198525,0,1755591879843,8
101.944,-418.887,-698.694,-0.0208247,-0.819712,-0.019874,0,1755591879851,8
101.933,-418.783,-698.482,-0.0207913,-0.819855,-0.0199398,0,1755591879859,8
101.934,-418.787,-698.465,-0.0208133,-0.819868,-0.0199431,0,1755591879867,8
102.086,-418.684,-698.244,-0.0207328,-0.819808,-0.0198877,0,1755591879875,8
102.082,-418.669,-698.21,-0.0206815,-0.819797,-0.0197835,0,1755591879883,8
102.108,-418.695,-698.185,-0.0206604,-0.819781,-0.0198232,0,1755591879891,8
101.955,-418.815,-697.973,-0.0208399,-0.819753,-0.0199008,0,1755591879899,8
101.963,-418.849,-697.94,-0.0209253,-0.819778,-0.0200164,0,1755591879907,8
101.996,-418.672,-698.403,-0.0212207,-0.819766,-0.0202928,0,1755591879915,8
101.979,-418.648,-698.392,-0.0212117,-0.819812,-0.0202703,0,1755591879923,8
101.995,-418.658,-698.398,-0.0212497,-0.819792,-0.020293,0,1755591879931,8
101.835,-418.688,-698.347,-0.0212003,-0.819745,-0.0201807,0,1755591879939,8
101.822,-418.681,-698.35,-0.021144,-0.819734,-0.0201173,0,1755591879947,8
101.962,-418.517,-697.993,-0.021424,-0.819739,-0.0204541,0,1755591879955,8
101.96,-418.484,-697.966,-0.0214119,-0.819735,-0.0204265,0,1755591879963,8
101.99,-418.499,-697.954,-0.0214276,-0.819799,-0.0204279,0,1755591879971,8
102.086,-418.68,-698.564,-0.0214747,-0.819746,-0.0204667,0,1755591879979,8
102.102,-418.678,-698.577,-0.0214386,-0.819788,-0.0205056,0,1755591879987,8
102.157,-418.866,-698.518,-0.0212889,-0.819908,-0.0203661,0,1755591879995,8
102.165,-418.868,-698.505,-0.0212393,-0.819813,-0.0203207,0,1755591880003,8
102.2,-418.903,-698.503,-0.0212943,-0.819842,-0.0203611,0,1755591880011,8
102.063,-418.886,-698.724,-0.0212029,-0.81992,-0.020207,0,1755591880019,8
102.065,-418.883,-698.736,-0.0212492,-0.819873,-0.0202039,0,1755591880027,8
102.066,-418.896,-698.719,-0.0215498,-0.819827,-0.0204623,0,1755591880035,8
102.059,-418.887,-698.713,-0.0215244,-0.819844,-0.0204356,0,1755591880043,8
102.084,-418.906,-698.73,-0.0214726,-0.819791,-0.020441,0,1755591880051,8
102.117,-418.975,-698.922,-0.0213446,-0.819739,-0.020343,0,1755591880059,8
102.126,-418.974,-698.934,-0.0213275,-0.81976,-0.0203487,0,1755591880067,8
102.144,-418.995,-698.955,-0.0214006,-0.819722,-0.0204596,0,1755591880075,8
102.115,-419.118,-699.176,-0.0214444,-0.819686,-0.020302,0,1755591880083,8
102.141,-419.141,-699.209,-0.0214168,-0.819686,-0.0202771,0,1755591880091,8
102.256,-419.007,-699.165,-0.0214815,-0.819521,-0.0203671,0,1755591880099,8
102.277,-419.009,-699.193,-0.0213828,-0.819527,-0.020334,0,1755591880107,8
102.046,-418.942,-699.022,-0.0211453,-0.819572,-0.0200732,0,1755591880115,8
102.031,-418.934,-699.038,-0.021197,-0.819614,-0.0201515,0,1755591880123,8
102.032,-418.944,-699.061,-0.0212121,-0.819585,-0.0201479,0,1755591880131,8
101.974,-419.036,-698.759,-0.0214208,-0.819379,-0.0202775,0,1755591880139,8
101.965,-419.06,-698.758,-0.0214377,-0.819367,-0.0203104,0,1755591880147,8
102.134,-419.366,-699.264,-0.0215832,-0.81947,-0.0203268,0,1755591880155,8
102.13,-419.383,-699.274,-0.0216412,-0.819457,-0.020397,0,1755591880163,8
102.155,-419.437,-699.299,-0.0217114,-0.819465,-0.0204372,0,1755591880171,8
101.978,-419.249,-699.138,-0.0216462,-0.819471,-0.0203315,0,1755591880179,8
101.971,-419.263,-699.156,-0.0216319,-0.819433,-0.0203635,0,1755591880187,8
101.967,-419.291,-699.176,-0.0217292,-0.819496,-0.0204455,0,1755591880195,8
102.038,-418.905,-698.884,-0.0213421,-0.819292,-0.0202484,0,1755591880203,8
102.056,-418.91,-698.899,-0.0213178,-0.819292,-0.020225,0,1755591880211,8
102.124,-419.022,-699.199,-0.0214076,-0.819372,-0.0204159,0,1755591880219,8
102.131,-419.017,-699.225,-0.0214637,-0.819313,-0.0205472,0,1755591880227,8
102.149,-419.026,-699.245,-0.021495,-0.819376,-0.0205586,0,1755591880235,8
102.003,-418.954,-698.86,-0.0213525,-0.819417,-0.0204245,0,1755591880243,8
102.008,-418.976,-698.873,-0.0213679,-0.819476,-0.0204448,0,1755591880251,8
102.025,-419.015,-698.782,-0.021455,-0.819458,-0.0204442,0,1755591880259,8
102.031,-419.027,-698.783,-0.0214758,-0.819479,-0.0205044,0,1755591880267,8
102.175,-419.163,-699.187,-0.0215179,-0.819297,-0.0205167,0,1755591880275,8
102.182,-419.163,-699.194,-0.0215433,-0.819344,-0.0205285,0,1755591880283,8
102.201,-419.184,-699.208,-0.0215085,-0.819315,-0.0205982,0,1755591880291,8
102.061,-419.029,-698.992,-0.02146,-0.819475,-0.0205006,0,1755591880299,8
102.06,-419.03,-698.997,-0.0214623,-0.819454,-0.0205456,0,1755591880307,8
102.07,-419.05,-698.999,-0.0214712,-0.819518,-0.0205378,0,1755591880315,8
101.986,-418.92,-698.685,-0.0214055,-0.819536,-0.0203664,0,1755591880323,8
101.994,-418.936,-698.681,-0.0214953,-0.819552,-0.0205013,0,1755591880331,8
101.999,-418.854,-698.457,-0.0216623,-0.819739,-0.020602,0,1755591880339,8
101.995,-418.853,-698.44,-0.0218496,-0.819737,-0.0208031,0,1755591880347,8
102,-418.871,-698.423,-0.0217812,-0.819785,-0.0207396,0,1755591880355,8
102.02,-418.572,-698.163,-0.0213857,-0.819574,-0.0203392,0,1755591880363,8
102.033,-418.557,-698.138,-0.0214361,-0.819645,-0.0203877,0,1755591880371,8
102.096,-418.766,-698.576,-0.0215389,-0.819749,-0.0206337,0,1755591880379,8
102.113,-418.753,-698.567,-0.0216306,-0.819723,-0.0207421,0,1755591880387,8
102.028,-418.658,-698.405,-0.0215929,-0.819875,-0.0206371,0,1755591880395,8
102.023,-418.636,-698.382,-0.0216096,-0.819838,-0.020606,0,1755591880403,8
102.035,-418.633,-698.371,-0.0215757,-0.819898,-0.0206614,0,1755591880411,8
102.009,-418.602,-698.354,-0.0216386,-0.819867,-0.0205175,0,1755591880419,8
102.009,-418.582,-698.346,-0.0215859,-0.81983,-0.0205258,0,1755591880427,8
102.041,-418.789,-698.593,-0.0215774,-0.819762,-0.0204765,0,1755591880435,8
102.027,-418.769,-698.58,-0.0216426,-0.819762,-0.0205367,0,1755591880443,8
102.041,-418.787,-698.586,-0.0216396,-0.819716,-0.0205442,0,1755591880451,8
102.058,-418.769,-698.634,-0.0214713,-0.81969,-0.0204802,0,1755591880459,8
102.065,-418.748,-698.628,-0.0215005,-0.8198,-0.020466,0,1755591880467,8
102.105,-418.868,-698.876,-0.0215863,-0.819828,-0.020643,0,1755591880475,8
102.101,-418.857,-698.883,-0.0215201,-0.819855,-0.0206649,0,1755591880483,8
102.122,-418.874,-698.895,-0.0215407,-0.819842,-0.0206736,0,1755591880491,8
102.012,-418.899,-698.734,-0.0217245,-0.819935,-0.0208733,0,1755591880499,8
102.018,-418.914,-698.728,-0.0217218,-0.819965,-0.0208726,0,1755591880507,8
101.889,-418.945,-698.719,-0.0216988,-0.819862,-0.0207395,0,1755591880515,8
101.853,-418.93,-698.709,-0.0217652,-0.819858,-0.0208027,0,1755591880523,8
101.855,-418.96,-698.711,-0.0217781,-0.819884,-0.0207931,0,1755591880531,8
101.911,-418.716,-698.192,-0.021724,-0.81991,-0.0207637,0,1755591880539,8
101.912,-418.712,-698.163,-0.0217469,-0.819872,-0.0207793,0,1755591880547,8
102.004,-418.701,-698.44,-0.0219057,-0.81984,-0.0209413,0,1755591880555,8
102.01,-418.689,-698.429,-0.0218783,-0.819897,-0.0209272,0,1755591880563,8
102.024,-418.683,-698.422,-0.021801,-0.819868,-0.0208527,0,1755591880571,8
101.936,-418.645,-698.329,-0.0217109,-0.819988,-0.0207373,0,1755591880579,8
101.94,-418.626,-698.321,-0.0216479,-0.819954,-0.0207094,0,1755591880587,8
101.906,-418.619,-698.214,-0.0219597,-0.820077,-0.0209747,0,1755591880595,8
101.909,-418.613,-698.202,-0.0219406,-0.820078,-0.0209943,0,1755591880603,8
101.914,-418.619,-698.186,-0.0219131,-0.820075,-0.0209946,0,1755591880611,8
102.061,-418.743,-698.634,-0.0218933,-0.820042,-0.0210717,0,1755591880619,8
102.084,-418.739,-698.643,-0.0220524,-0.820093,-0.0211937,0,1755591880627,8
101.967,-418.697,-698.533,-0.0219675,-0.820146,-0.0211301,0,1755591880635,8
101.962,-418.684,-698.536,-0.0219464,-0.820208,-0.0211433,0,1755591880643,8
101.983,-418.695,-698.54,-0.0220419,-0.820173,-0.0212239,0,1755591880651,8
101.934,-418.699,-698.481,-0.0217549,-0.820242,-0.0209777,0,1755591880659,8
101.937,-418.7,-698.483,-0.0217869,-0.82019,-0.0210339,0,1755591880667,8
101.928,-418.649,-698.307,-0.0216647,-0.820261,-0.0209572,0,1755591880675,8
101.91,-418.635,-698.289,-0.0217452,-0.820239,-0.0210654,0,1755591880683,8
101.909,-418.637,-698.28,-0.0218148,-0.820235,-0.0210834,0,1755591880691,8
101.985,-418.558,-698.203,-0.0216361,-0.819998,-0.0209008,0,1755591880699,8
101.998,-418.554,-698.19,-0.0217287,-0.820028,-0.0209507,0,1755591880707,8
101.871,-418.533,-698.011,-0.0217086,-0.819853,-0.0209301,0,1755591880715,8
101.866,-418.526,-697.982,-0.0216955,-0.819836,-0.0208747,0,1755591880723,8
101.868,-418.515,-697.951,-0.0216777,-0.819802,-0.0208478,0,1755591880731,8
101.919,-418.576,-698.204,-0.0218153,-0.819974,-0.0209845,0,1755591880739,8
101.915,-418.564,-698.186,-0.0217741,-0.819962,-0.0209479,0,1755591880747,8
102.048,-418.68,-698.463,-0.0219458,-0.81978,-0.021285,0,1755591880755,8
102.05,-418.677,-698.463,-0.0219785,-0.819771,-0.0213412,0,1755591880763,8
102.067,-418.676,-698.454,-0.0219868,-0.819723,-0.0212597,0,1755591880771,8
101.929,-418.703,-698.478,-0.0220299,-0.819775,-0.0211023,0,1755591880779,8
101.934,-418.742,-698.497,-0.0218465,-0.819754,-0.0209421,0,1755591880787,8
101.756,-418.629,-698.012,-0.0213703,-0.819576,-0.0206236,0,1755591880795,8
101.724,-418.673,-697.975,-0.0214281,-0.819598,-0.0206772,0,1755591880803,8
101.665,-418.702,-697.938,-0.0215817,-0.819597,-0.0207439,0,1755591880811,8
101.88,-419.23,-698.679,-0.0220811,-0.819661,-0.0211228,0,1755591880819,8
101.876,-419.294,-698.682,-0.021854,-0.819561,-0.0208959,0,1755591880827,8
101.935,-419.339,-698.778,-0.0219159,-0.819436,-0.0208835,0,1755591880835,8
101.923,-419.455,-698.78,-0.0219709,-0.819475,-0.0209453,0,1755591880843,8
101.901,-419.558,-698.801,-0.0218918,-0.819481,-0.0209792,0,1755591880851,8
102.045,-419.618,-698.929,-0.0221562,-0.819342,-0.0212818,0,1755591880859,8
102.048,-419.707,-698.925,-0.0222259,-0.819435,-0.0212312,0,1755591880867,8
102.091,-419.795,-698.843,-0.0221219,-0.819429,-0.0211431,0,1755591880875,8
102.075,-419.905,-698.823,-0.0222172,-0.81942,-0.0213187,0,1755591880883,8
102.099,-420.04,-698.783,-0.0220401,-0.819382,-0.0210637,0,1755591880891,8
102.131,-420.289,-698.526,-0.0218965,-0.819085,-0.020972,0,1755591880899,8
102.347,-420.522,-698.375,-0.0225451,-0.818763,-0.0215112,0,1755591880907,8
102.358,-420.661,-698.317,-0.0212908,-0.818453,-0.0201196,0,1755591880915,8
102.337,-420.855,-698.218,-0.0207066,-0.818521,-0.0190843,0,1755591880923,8
102.198,-421.25,-698.145,-0.0212409,-0.818689,-0.0203365,0,1755591880931,8
102.141,-421.274,-697.411,-0.0228441,-0.818903,-0.0222754,0,1755591880939,8
102.302,-421.362,-697.293,-0.021659,-0.819047,-0.02035,0,1755591880947,8
102.368,-421.827,-697.313,-0.0204665,-0.818504,-0.0190148,0,1755591880955,8
102.301,-422.32,-697.211,-0.0212362,-0.81856,-0.0200812,0,1755591880963,8
102.282,-422.747,-697.078,-0.022011,-0.818568,-0.0207417,0,1755591880971,8
102.134,-422.799,-697.107,-0.0224696,-0.818856,-0.0211553,0,1755591880979,8
102.103,-423.153,-697.055,-0.0215024,-0.81901,-0.0202653,0,1755591880987,8
102.081,-423.542,-696.276,-0.0217737,-0.818855,-0.0205255,0,1755591880995,8
102.098,-424.047,-696.087,-0.0221757,-0.818956,-0.0210262,0,1755591881003,8
102.35,-424.6,-696.181,-0.0219591,-0.818892,-0.0208501,0,1755591881011,8
102.49,-425.155,-695.912,-0.0214131,-0.818618,-0.0200343,0,1755591881019,8
102.602,-425.853,-695.642,-0.021294,-0.818583,-0.0198961,0,1755591881027,8
102.791,-426.861,-695.834,-0.0221425,-0.818449,-0.020644,0,1755591881035,8
102.867,-427.523,-695.609,-0.0218211,-0.818378,-0.0204489,0,1755591881043,8
102.933,-428.216,-695.368,-0.021586,-0.818286,-0.0201569,0,1755591881051,8
103.075,-429.226,-695.322,-0.02184,-0.818174,-0.0203046,0,1755591881059,8
103.154,-430.097,-695.103,-0.0224451,-0.818255,-0.0207658,0,1755591881067,8
103.436,-430.973,-694.848,-0.0220013,-0.817801,-0.0203656,0,1755591881075,8
103.55,-431.882,-694.62,-0.0217788,-0.817769,-0.0199838,0,1755591881083,8
103.672,-432.96,-694.341,-0.0221053,-0.817902,-0.0200126,0,1755591881091,8
103.829,-434.014,-694.225,-0.0224999,-0.817555,-0.0204165,0,1755591881099,8
103.936,-435.071,-693.88,-0.0230945,-0.817878,-0.0206027,0,1755591881107,8
103.724,-436.107,-693.545,-0.022672,-0.818139,-0.0207333,0,1755591881115,8
103.919,-437.452,-693.122,-0.0228387,-0.817828,-0.0206667,0,1755591881123,8
104.073,-438.684,-692.739,-0.0232889,-0.817932,-0.0207909,0,1755591881131,8
104.242,-439.878,-692.394,-0.0233318,-0.817767,-0.0206904,0,1755591881139,8
104.505,-441.271,-692.03,-0.0225523,-0.817834,-0.0198004,0,1755591881147,8
104.681,-442.816,-691.516,-0.02184,-0.817538,-0.01908,0,1755591881155,8
104.856,-444.384,-691.094,-0.0227435,-0.817354,-0.0200542,0,1755591881163,8
105.028,-445.867,-690.696,-0.0224835,-0.817332,-0.0205966,0,1755591881171,8
105.096,-446.929,-689.995,-0.0222779,-0.817264,-0.0198303,0,1755591881179,8
105.264,-448.499,-689.549,-0.0221662,-0.817339,-0.0191962,0,1755591881187,8
105.564,-449.814,-688.712,-0.0225769,-0.817373,-0.0200135,0,1755591881195,8
105.84,-451.553,-688.255,-0.0235512,-0.817406,-0.0212381,0,1755591881203,8
106.082,-453.24,-687.788,-0.0231664,-0.817193,-0.0204714,0,1755591881211,8
106.272,-454.549,-686.919,-0.0227029,-0.817189,-0.0209279,0,1755591881219,8
106.591,-456.361,-686.318,-0.0234709,-0.817462,-0.0201466,0,1755591881227,8
106.905,-457.881,-685.625,-0.0248691,-0.817317,-0.0209916,0,1755591881235,8
107.31,-459.461,-685.107,-0.0233757,-0.817107,-0.020251,0,1755591881243,8
107.592,-461.188,-684.61,-0.0230199,-0.817686,-0.0203682,0,1755591881251,8
108.309,-463.286,-683.57,-0.0230661,-0.816775,-0.0201917,0,1755591881259,8
108.761,-465.331,-682.951,-0.0237391,-0.81658,-0.0199642,0,1755591881267,8
108.476,-466.609,-681.981,-0.0228889,-0.81694,-0.0206611,0,1755591881275,8
108.851,-468.392,-681.313,-0.0218782,-0.816899,-0.0196933,0,1755591881283,8
109.227,-470.402,-680.581,-0.0225789,-0.816917,-0.0187037,0,1755591881291,8
109.17,-472.706,-680.412,-0.0234734,-0.817161,-0.0208914,0,1755591881299,8
109.468,-474.65,-679.782,-0.0241497,-0.817281,-0.0211267,0,1755591881307,8
109.37,-476.673,-679.198,-0.0241888,-0.817348,-0.0207009,0,1755591881315,8
109.558,-478.643,-678.732,-0.0240269,-0.817514,-0.0210973,0,1755591881323,8
109.937,-480.81,-678.198,-0.0234025,-0.817147,-0.0203675,0,1755591881331,8
110.344,-483.097,-677.61,-0.0233703,-0.816836,-0.0205573,0,1755591881339,8
110.639,-485.373,-677.028,-0.0232826,-0.817298,-0.0208275,0,1755591881347,8
111.319,-486.972,-676.187,-0.0231867,-0.817175,-0.0203365,0,1755591881355,8
111.656,-489.118,-675.615,-0.02295,-0.8172,-0.0211525,0,1755591881363,8
111.999,-490.987,-674.893,-0.0241577,-0.817586,-0.0212704,0,1755591881371,8
112.475,-493.009,-673.704,-0.0247257,-0.817563,-0.0211258,0,1755591881379,8
113.029,-495.119,-672.942,-0.0256302,-0.817626,-0.0214745,0,1755591881387,8
113.744,-497.469,-672.312,-0.0249003,-0.817781,-0.021589,0,1755591881395,8
114.297,-499.776,-671.868,-0.0232977,-0.817589,-0.0199091,0,1755591881403,8
114.801,-502.158,-671.274,-0.0231911,-0.817201,-0.0201024,0,1755591881411,8
115.039,-504.462,-670.681,-0.024116,-0.817561,-0.020274,0,1755591881419,8
115.503,-506.746,-670.199,-0.0233325,-0.817236,-0.0206653,0,1755591881427,8
115.98,-509.187,-670.026,-0.0226371,-0.817654,-0.0200197,0,1755591881435,8
116.446,-511.42,-669.356,-0.0229769,-0.817457,-0.0190064,0,1755591881443,8
116.902,-513.696,-668.674,-0.0254085,-0.817431,-0.0216113,0,1755591881451,8
117.713,-515.66,-668.322,-0.0261493,-0.81801,-0.0220621,0,1755591881459,8
118.441,-517.984,-667.875,-0.02411,-0.817653,-0.0199543,0,1755591881467,8
118.743,-520.072,-667.132,-0.0234679,-0.817587,-0.0195965,0,1755591881475,8
119.391,-522.463,-666.638,-0.0239559,-0.817561,-0.0201504,0,1755591881483,8
119.987,-524.763,-666.19,-0.0237181,-0.817601,-0.0207677,0,1755591881491,8
120.423,-526.54,-665.724,-0.0224422,-0.817255,-0.0189803,0,1755591881499,8
120.975,-528.535,-665.251,-0.0222324,-0.817262,-0.0182155,0,1755591881507,8
121.401,-530.662,-665.115,-0.0230741,-0.8167,-0.0189857,0,1755591881515,8
121.727,-532.319,-664.59,-0.0257272,-0.817424,-0.0208501,0,1755591881523,8
122.234,-534.123,-664.183,-0.0259131,-0.817806,-0.0209044,0,1755591881531,8
122.66,-536.043,-664.019,-0.0241644,-0.817778,-0.0197653,0,1755591881539,8
123.24,-538.054,-663.757,-0.0239383,-0.817885,-0.0194922,0,1755591881547,8
123.51,-540.075,-663.488,-0.0245694,-0.81772,-0.0201097,0,1755591881555,8
124.062,-541.659,-663.3,-0.0237378,-0.817516,-0.0200152,0,1755591881563,8
124.682,-543.311,-662.984,-0.0221659,-0.81684,-0.0182296,0,1755591881571,8
124.658,-544.711,-662.565,-0.0225407,-0.817282,-0.0179829,0,1755591881579,8
124.956,-546.076,-662.187,-0.0241126,-0.81741,-0.0193717,0,1755591881587,8
125.347,-547.567,-661.792,-0.0246922,-0.817157,-0.0201871,0,1755591881595,8
125.59,-548.676,-661.483,-0.0246298,-0.817658,-0.0199077,0,1755591881603,8
125.889,-549.927,-661.238,-0.0244748,-0.818225,-0.0194182,0,1755591881611,8
126.416,-551.513,-661.125,-0.0252382,-0.817342,-0.0201276,0,1755591881619,8
126.734,-552.605,-661.049,-0.0254553,-0.817746,-0.0207924,0,1755591881627,8
127.014,-553.569,-660.77,-0.023246,-0.817601,-0.0187744,0,1755591881635,8
127.314,-554.71,-660.675,-0.0234425,-0.817616,-0.0189528,0,1755591881643,8
127.458,-555.521,-660.55,-0.0242192,-0.817749,-0.0198038,0,1755591881651,8
127.57,-555.943,-660.375,-0.0242751,-0.817952,-0.0194072,0,1755591881659,8
127.759,-556.67,-660.279,-0.0244505,-0.818037,-0.0194246,0,1755591881667,8
128.098,-557.705,-660.262,-0.0245208,-0.817996,-0.0193698,0,1755591881675,8
128.261,-558.334,-660.205,-0.0246715,-0.818264,-0.0197029,0,1755591881683,8
128.485,-558.873,-660.16,-0.0241057,-0.818101,-0.0196185,0,1755591881691,8
128.706,-559.163,-659.804,-0.0236935,-0.81812,-0.0188247,0,1755591881699,8
128.813,-559.663,-659.773,-0.0235168,-0.818228,-0.0186457,0,1755591881707,8
128.908,-560.111,-659.745,-0.0235804,-0.818419,-0.0191849,0,1755591881715,8
128.954,-560.224,-659.671,-0.0237139,-0.818489,-0.0189383,0,1755591881723,8
128.994,-560.464,-659.623,-0.0236064,-0.818504,-0.0188959,0,1755591881731,8
129.109,-560.781,-659.782,-0.0240297,-0.818303,-0.0191497,0,1755591881739,8
129.101,-560.931,-659.796,-0.0243079,-0.818478,-0.0196349,0,1755591881747,8
129.282,-561.058,-659.51,-0.0240797,-0.818587,-0.0189914,0,1755591881755,8
129.326,-561.084,-659.58,-0.0236613,-0.81861,-0.0188392,0,1755591881763,8
129.339,-561.139,-659.602,-0.0236595,-0.81866,-0.0189867,0,1755591881771,8
129.333,-560.925,-659.468,-0.0233735,-0.818395,-0.0187891,0,1755591881779,8
129.358,-560.853,-659.439,-0.0235458,-0.818423,-0.0188438,0,1755591881787,8
129.416,-560.972,-659.413,-0.0242322,-0.819004,-0.0188631,0,1755591881795,8
129.461,-560.832,-659.456,-0.0236991,-0.818921,-0.0186431,0,1755591881803,8
129.5,-560.593,-659.454,-0.0234647,-0.818695,-0.0187594,0,1755591881811,8
129.468,-560.153,-659.361,-0.0234869,-0.818805,-0.0184468,0,1755591881819,8
129.467,-559.719,-659.326,-0.0234328,-0.818728,-0.018499,0,1755591881827,8
129.301,-559.214,-659.09,-0.0239693,-0.818869,-0.0187638,0,1755591881835,8
129.26,-558.532,-659.02,-0.0241536,-0.818733,-0.0188543,0,1755591881843,8
129.203,-557.862,-658.977,-0.0241328,-0.818735,-0.01842,0,1755591881851,8
128.872,-557.115,-658.888,-0.0241652,-0.81915,-0.0187037,0,1755591881859,8
128.759,-556.46,-658.93,-0.0242019,-0.819101,-0.0189276,0,1755591881867,8
128.854,-555.561,-658.846,-0.0247391,-0.819191,-0.0197556,0,1755591881875,8
128.856,-554.527,-658.798,-0.0239392,-0.819076,-0.0187751,0,1755591881883,8
128.802,-553.5,-658.772,-0.023927,-0.818895,-0.0185573,0,1755591881891,8
128.62,-552.392,-658.811,-0.0246603,-0.819412,-0.0190301,0,1755591881899,8
128.54,-551.221,-658.785,-0.0247362,-0.819506,-0.0191621,0,1755591881907,8
128.68,-550.143,-658.728,-0.0251048,-0.819515,-0.0190049,0,1755591881915,8
128.69,-548.744,-658.67,-0.0248956,-0.819259,-0.0185611,0,1755591881923,8
128.666,-547.481,-658.641,-0.0250672,-0.819213,-0.0187212,0,1755591881931,8
128.729,-545.963,-658.423,-0.0239861,-0.819103,-0.0182319,0,1755591881939,8
128.642,-544.476,-658.432,-0.023393,-0.819035,-0.0176116,0,1755591881947,8
128.795,-543.048,-658.203,-0.0234765,-0.81904,-0.0186953,0,1755591881955,8
128.679,-541.356,-658.191,-0.0240404,-0.819167,-0.019353,0,1755591881963,8
128.82,-539.64,-658.095,-0.0235378,-0.818774,-0.017164,0,1755591881971,8
128.667,-538.024,-658.013,-0.0235133,-0.818749,-0.0175009,0,1755591881979,8
128.583,-536.078,-657.943,-0.0241235,-0.818875,-0.0180065,0,1755591881987,8
128.294,-534.375,-658.233,-0.0243676,-0.818808,-0.0189483,0,1755591881995,8
128.26,-532.411,-658.288,-0.0252416,-0.819029,-0.019565,0,1755591882003,8
128.399,-530.28,-658.262,-0.0236243,-0.818586,-0.0187231,0,1755591882011,8
128.34,-528.245,-658.256,-0.0238607,-0.818513,-0.018479,0,1755591882019,8
128.324,-526.231,-658.33,-0.0242036,-0.81894,-0.0187943,0,1755591882027,8
128.404,-524.21,-658.303,-0.0245275,-0.818846,-0.0196658,0,1755591882035,8
128.329,-521.869,-658.424,-0.0226339,-0.818922,-0.0187702,0,1755591882043,8
128.257,-519.632,-658.342,-0.0229475,-0.818742,-0.0176889,0,1755591882051,8
128.251,-517.464,-658.119,-0.0251793,-0.818645,-0.0197187,0,1755591882059,8
128.096,-514.99,-658.158,-0.0246315,-0.818342,-0.02,0,1755591882067,8
128.351,-512.564,-658.296,-0.0250666,-0.818789,-0.0193314,0,1755591882075,8
128.316,-510.269,-658.364,-0.0252605,-0.818503,-0.0201029,0,1755591882083,8
128.309,-508.037,-658.488,-0.0250823,-0.818293,-0.0201413,0,1755591882091,8
128.657,-506.209,-658.823,-0.0263131,-0.819135,-0.0213721,0,1755591882099,8
128.857,-503.989,-659.01,-0.0240283,-0.81847,-0.019443,0,1755591882107,8
128.872,-502.093,-658.926,-0.0231875,-0.818506,-0.0186526,0,1755591882115,8
128.869,-500.132,-658.872,-0.0254901,-0.818708,-0.0203787,0,1755591882123,8
128.772,-497.976,-658.993,-0.0264876,-0.819011,-0.021664,0,1755591882131,8
129.392,-495.867,-659.265,-0.0264273,-0.818615,-0.022074,0,1755591882139,8
129.545,-493.767,-659.315,-0.0261202,-0.818565,-0.0214021,0,1755591882147,8
129.698,-491.435,-659.295,-0.0269967,-0.818694,-0.020259,0,1755591882155,8
129.891,-489.554,-659.41,-0.0274933,-0.818461,-0.0211441,0,1755591882163,8
130.112,-487.613,-659.531,-0.027682,-0.818556,-0.0214554,0,1755591882171,8
130.061,-485.674,-659.806,-0.0258009,-0.818696,-0.019884,0,1755591882179,8
130.282,-484.161,-659.995,-0.0250322,-0.818692,-0.0197876,0,1755591882187,8
130.144,-482.593,-660.134,-0.0260353,-0.818657,-0.0205112,0,1755591882195,8
130.176,-480.967,-660.33,-0.0265627,-0.81919,-0.0209284,0,1755591882203,8
130.313,-479.222,-660.419,-0.0257494,-0.818654,-0.0202594,0,1755591882211,8
130.125,-477.629,-660.388,-0.0265551,-0.81918,-0.0208834,0,1755591882219,8
130.121,-476.184,-660.496,-0.027611,-0.819386,-0.021065,0,1755591882227,8
130.068,-474.666,-660.529,-0.0278088,-0.819151,-0.0221528,0,1755591882235,8
130.158,-473.534,-660.692,-0.02589,-0.819056,-0.0201144,0,1755591882243,8
130.216,-472.426,-660.834,-0.0257884,-0.818839,-0.0195189,0,1755591882251,8
130.423,-471.473,-660.798,-0.0271404,-0.819005,-0.0211835,0,1755591882259,8
130.519,-470.355,-660.995,-0.0257698,-0.818734,-0.0200207,0,1755591882267,8
130.774,-469.137,-660.782,-0.0247515,-0.818827,-0.0189184,0,1755591882275,8
130.862,-468.228,-660.861,-0.0245794,-0.818845,-0.0188483,0,1755591882283,8
130.855,-467.541,-660.951,-0.026296,-0.818807,-0.0202863,0,1755591882291,8
130.82,-466.555,-661.246,-0.0269811,-0.818913,-0.0213324,0,1755591882299,8
130.83,-465.752,-661.404,-0.0258244,-0.819125,-0.0201705,0,1755591882307,8
131.026,-465.595,-661.543,-0.0257213,-0.819007,-0.0199802,0,1755591882315,8
131.022,-465.118,-661.681,-0.0265461,-0.819031,-0.0215742,0,1755591882323,8
131.076,-464.394,-661.739,-0.0256435,-0.818935,-0.0207189,0,1755591882331,8
131.115,-464.012,-661.878,-0.0246737,-0.818832,-0.0196224,0,1755591882339,8
131.058,-463.679,-662.014,-0.0245154,-0.818889,-0.0197744,0,1755591882347,8
131.332,-463.407,-662.146,-0.0259953,-0.818861,-0.0215516,0,1755591882355,8
131.335,-463.05,-662.232,-0.0261964,-0.819067,-0.0210531,0,1755591882363,8
131.37,-462.733,-662.366,-0.0254942,-0.818783,-0.0201313,0,1755591882371,8
131.392,-462.915,-662.386,-0.0244754,-0.818614,-0.0197176,0,1755591882379,8
131.333,-462.814,-662.476,-0.0254298,-0.818845,-0.0204757,0,1755591882387,8
131.311,-462.448,-662.3,-0.0258894,-0.819143,-0.0210773,0,1755591882395,8
131.305,-462.2,-662.438,-0.0245655,-0.81912,-0.0201798,0,1755591882403,8
131.327,-462.052,-662.465,-0.0245736,-0.819061,-0.0198258,0,1755591882411,8
131.435,-461.66,-662.293,-0.0256344,-0.81907,-0.0209436,0,1755591882419,8
131.464,-461.37,-662.377,-0.0253594,-0.81888,-0.0206938,0,1755591882427,8
131.479,-460.894,-662.426,-0.024784,-0.818814,-0.020146,0,1755591882435,8
131.514,-460.636,-662.488,-0.0245985,-0.818855,-0.0198138,0,1755591882443,8
131.528,-460.385,-662.569,-0.0252204,-0.818773,-0.0205472,0,1755591882451,8
131.488,-459.688,-662.292,-0.0253479,-0.818632,-0.0209265,0,1755591882459,8
131.492,-459.21,-662.382,-0.0247849,-0.818602,-0.0203443,0,1755591882467,8
131.296,-458.553,-661.685,-0.0244606,-0.818899,-0.0198893,0,1755591882475,8
131.2,-458.122,-661.675,-0.0257436,-0.819065,-0.0209693,0,1755591882483,8
131.182,-457.627,-661.719,-0.0261387,-0.819003,-0.0211578,0,1755591882491,8
131.031,-456.849,-661.599,-0.0244952,-0.819009,-0.0202032,0,1755591882499,8
130.995,-456.191,-661.539,-0.0239997,-0.81899,-0.0197327,0,1755591882507,8
131.248,-455.772,-661.735,-0.0252285,-0.819219,-0.0209168,0,1755591882515,8
131.189,-454.953,-661.673,-0.0259557,-0.81901,-0.0214991,0,1755591882523,8
131.113,-453.955,-661.66,-0.0255629,-0.818963,-0.0208274,0,1755591882531,8
131.081,-453.297,-662.196,-0.0252261,-0.819045,-0.0204356,0,1755591882539,8
131.032,-452.424,-662.231,-0.0257351,-0.819128,-0.021287,0,1755591882547,8
130.972,-451.316,-661.678,-0.0254274,-0.819027,-0.0213011,0,1755591882555,8
130.966,-450.21,-661.761,-0.0243918,-0.819043,-0.0197466,0,1755591882563,8
130.817,-449.187,-661.898,-0.0237897,-0.8192,-0.0197206,0,1755591882571,8
130.82,-448.075,-661.555,-0.0245577,-0.819083,-0.0208934,0,1755591882579,8
130.71,-446.634,-661.534,-0.0246199,-0.819173,-0.0209805,0,1755591882587,8
130.719,-445.164,-661.312,-0.0250041,-0.819408,-0.0205046,0,1755591882595,8
130.666,-443.688,-661.314,-0.024974,-0.819213,-0.0208346,0,1755591882603,8
130.591,-442.281,-661.306,-0.0257458,-0.819157,-0.0215138,0,1755591882611,8
130.616,-440.861,-661.062,-0.0254747,-0.819263,-0.0222219,0,1755591882619,8
130.629,-439.35,-660.96,-0.0259217,-0.819309,-0.0218636,0,1755591882627,8
130.873,-437.978,-660.928,-0.0262933,-0.819335,-0.0216653,0,1755591882635,8
130.875,-436.372,-660.983,-0.0258467,-0.819173,-0.0217009,0,1755591882643,8
130.832,-434.64,-660.907,-0.0248817,-0.818977,-0.0213392,0,1755591882651,8
130.771,-432.96,-660.829,-0.0263808,-0.819137,-0.0227488,0,1755591882659,8
130.785,-431.184,-660.778,-0.0269253,-0.819447,-0.0231158,0,1755591882667,8
130.799,-429.213,-660.536,-0.0259883,-0.818786,-0.0212356,0,1755591882675,8
130.82,-427.462,-660.529,-0.0247166,-0.818619,-0.0203297,0,1755591882683,8
131.038,-426.003,-660.611,-0.0259618,-0.818427,-0.021481,0,1755591882691,8
131.105,-424.344,-660.594,-0.0259374,-0.818791,-0.0219543,0,1755591882699,8
131.119,-422.354,-660.563,-0.0262892,-0.818244,-0.0223264,0,1755591882707,8
131.245,-420.813,-661.001,-0.0254401,-0.818386,-0.0202751,0,1755591882715,8
131.238,-418.971,-660.981,-0.0266981,-0.819266,-0.0225999,0,1755591882723,8
131.558,-416.882,-660.774,-0.027415,-0.818373,-0.021496,0,1755591882731,8
130.828,-414.957,-661.118,-0.0263267,-0.818858,-0.0206642,0,1755591882739,8
130.883,-413.174,-661.184,-0.0262305,-0.818697,-0.021098,0,1755591882747,8
130.314,-411.487,-661.102,-0.0265034,-0.819449,-0.0216264,0,1755591882755,8
130.348,-409.67,-661.301,-0.0250505,-0.819081,-0.0208265,0,1755591882763,8
130.385,-407.806,-661.37,-0.0243425,-0.818846,-0.0198829,0,1755591882771,8
130.534,-406.281,-661.558,-0.0242977,-0.818955,-0.0195482,0,1755591882779,8
130.412,-404.469,-661.637,-0.0263853,-0.818758,-0.0218799,0,1755591882787,8
130.633,-402.388,-661.368,-0.0269155,-0.818892,-0.0228218,0,1755591882795,8
130.58,-400.286,-661.376,-0.025668,-0.818624,-0.0213049,0,1755591882803,8
130.934,-398.458,-660.987,-0.0275225,-0.818691,-0.0225606,0,1755591882811,8
130.983,-396.676,-661.082,-0.027134,-0.818361,-0.0221737,0,1755591882819,8
131.007,-395.049,-661.181,-0.0266563,-0.818557,-0.0226138,0,1755591882827,8
131.545,-393.523,-661.537,-0.0262772,-0.818556,-0.021364,0,1755591882835,8
131.549,-392.002,-661.791,-0.0252426,-0.818211,-0.0218979,0,1755591882843,8
131.671,-390.509,-661.874,-0.0242237,-0.818202,-0.0214493,0,1755591882851,8
131.99,-388.507,-661.768,-0.0255492,-0.818145,-0.0211436,0,1755591882859,8
132.037,-386.864,-661.888,-0.0262883,-0.818219,-0.0217737,0,1755591882867,8
131.993,-385.148,-661.841,-0.0259191,-0.817594,-0.0218187,0,1755591882875,8
132.097,-383.557,-661.847,-0.0261614,-0.817718,-0.0214225,0,1755591882883,8
132.21,-382.078,-661.914,-0.0268839,-0.818385,-0.0214521,0,1755591882891,8
132.346,-380.718,-662.093,-0.0267855,-0.817669,-0.0217481,0,1755591882899,8
132.518,-379.51,-662.265,-0.0256538,-0.817657,-0.021219,0,1755591882907,8
132.416,-377.988,-662.607,-0.0253716,-0.818048,-0.0202817,0,1755591882915,8
132.504,-376.867,-662.72,-0.0255027,-0.817813,-0.0209044,0,1755591882923,8
132.6,-375.681,-662.852,-0.0259112,-0.817959,-0.0213429,0,1755591882931,8
132.677,-374.461,-663.491,-0.0243961,-0.818081,-0.0196353,0,1755591882939,8
132.772,-373.061,-663.573,-0.0236603,-0.81803,-0.018484,0,1755591882947,8
132.818,-372.109,-663.381,-0.0242979,-0.817838,-0.018089,0,1755591882955,8
132.775,-371.148,-663.511,-0.0253253,-0.81774,-0.0197061,0,1755591882963,8
132.825,-370.2,-663.668,-0.0245956,-0.817923,-0.0203024,0,1755591882971,8
133.027,-369.515,-663.586,-0.0234161,-0.817721,-0.018356,0,1755591882979,8
133.033,-368.929,-663.641,-0.0244412,-0.817645,-0.0198525,0,1755591882987,8
133.067,-368.191,-663.992,-0.0251035,-0.818296,-0.0214807,0,1755591882995,8
133.114,-367.271,-664.076,-0.0239782,-0.818094,-0.0198521,0,1755591883003,8
133.036,-366.723,-663.909,-0.0238173,-0.818373,-0.0198131,0,1755591883011,8
133.068,-366.163,-663.918,-0.0245731,-0.818102,-0.0200275,0,1755591883019,8
133.079,-365.637,-663.968,-0.0249398,-0.818102,-0.0200801,0,1755591883027,8
133.099,-364.916,-663.527,-0.0241965,-0.818322,-0.0199355,0,1755591883035,8
133.202,-364.588,-663.654,-0.0233233,-0.818145,-0.0187675,0,1755591883043,8
133.255,-364.365,-663.683,-0.023173,-0.81793,-0.019338,0,1755591883051,8
133.321,-363.815,-663.391,-0.0237859,-0.817999,-0.0203378,0,1755591883059,8
133.386,-363.438,-663.702,-0.0229557,-0.817865,-0.0189604,0,1755591883067,8
133.441,-363.092,-663.692,-0.0229223,-0.817851,-0.0186298,0,1755591883075,8
133.411,-362.984,-663.706,-0.0242015,-0.817973,-0.02026,0,1755591883083,8
133.418,-362.752,-663.725,-0.0242495,-0.817867,-0.0202899,0,1755591883091,8
133.605,-362.566,-663.9,-0.0232464,-0.817896,-0.019004,0,1755591883099,8
133.549,-362.56,-663.975,-0.0232834,-0.81791,-0.0193129,0,1755591883107,8
133.405,-362.201,-663.784,-0.0234932,-0.817942,-0.0190481,0,1755591883115,8
133.029,-362.162,-664.058,-0.0228025,-0.818584,-0.0188223,0,1755591883123,8
132.467,-362.056,-663.922,-0.0226389,-0.818774,-0.0190353,0,1755591883131,8
132.112,-361.95,-664.172,-0.0231125,-0.819003,-0.0194949,0,1755591883139,8
131.816,-361.787,-664.394,-0.0232046,-0.819026,-0.0194676,0,1755591883147,8
131.583,-361.68,-665.128,-0.0225104,-0.819147,-0.0178591,0,1755591883155,8
130.88,-361.779,-665.774,-0.0221133,-0.81917,-0.0183437,0,1755591883163,8
130.195,-361.782,-666.273,-0.0230747,-0.819944,-0.019154,0,1755591883171,8
129.513,-361.728,-666.816,-0.0235192,-0.820548,-0.0200563,0,1755591883179,8
128.73,-361.597,-667.577,-0.0221663,-0.820756,-0.0187442,0,1755591883187,8
128.082,-361.643,-667.873,-0.021636,-0.820732,-0.0177656,0,1755591883195,8
127.189,-361.593,-668.63,-0.0225862,-0.82083,-0.0191246,0,1755591883203,8
126.387,-361.485,-669.315,-0.0227213,-0.821083,-0.0192671,0,1755591883211,8
125.424,-361.22,-669.922,-0.0216616,-0.821435,-0.0180256,0,1755591883219,8
124.091,-361.224,-671.02,-0.0214895,-0.82165,-0.0180032,0,1755591883227,8
122.896,-361.252,-671.788,-0.0216286,-0.822176,-0.0180387,0,1755591883235,8
121.376,-361.189,-673.022,-0.0219862,-0.822809,-0.0186381,0,1755591883243,8
119.949,-361.347,-674.781,-0.0215811,-0.823713,-0.0181958,0,1755591883251,8
118.276,-361.337,-676.292,-0.0212945,-0.824117,-0.0181289,0,1755591883259,8
116.609,-361.326,-677.755,-0.0213719,-0.824357,-0.0183653,0,1755591883267,8
114.602,-361.401,-679.568,-0.0221387,-0.825121,-0.0189645,0,1755591883275,8
112.575,-361.241,-681.407,-0.0219084,-0.825437,-0.0184693,0,1755591883283,8
110.681,-361.426,-683.584,-0.021173,-0.825932,-0.0181544,0,1755591883291,8
108.506,-361.4,-685.547,-0.0214225,-0.826122,-0.0179071,0,1755591883299,8
106.089,-361.47,-687.788,-0.0217439,-0.826443,-0.0183801,0,1755591883307,8
104.027,-361.716,-690.254,-0.0215271,-0.827274,-0.0185782,0,1755591883315,8
101.446,-361.663,-692.743,-0.02137,-0.827627,-0.0177884,0,1755591883323,8
98.9306,-361.622,-695.13,-0.0204354,-0.828359,-0.0177526,0,1755591883331,8
96.3333,-361.677,-697.875,-0.0212831,-0.829013,-0.0185665,0,1755591883339,8
93.4946,-361.612,-700.634,-0.0214014,-0.829732,-0.0187444,0,1755591883347,8
91.0003,-361.675,-703.204,-0.0210579,-0.83018,-0.0187098,0,1755591883355,8
88.0646,-361.61,-706.367,-0.021488,-0.830281,-0.0184603,0,1755591883363,8
85.2712,-361.658,-709.4,-0.0199872,-0.830451,-0.018074,0,1755591883371,8
82.3323,-361.667,-712.457,-0.0204687,-0.830564,-0.0180307,0,1755591883379,8
79.3669,-361.827,-715.653,-0.0209666,-0.831313,-0.0182414,0,1755591883387,8
76.383,-362.023,-718.916,-0.01986,-0.832277,-0.0185268,0,1755591883395,8
73.3364,-362.143,-722.456,-0.0193699,-0.832913,-0.0182123,0,1755591883403,8
70.3416,-362.176,-725.838,-0.0193721,-0.833375,-0.018033,0,1755591883411,8
66.8309,-361.846,-729.672,-0.0195206,-0.832451,-0.0182133,0,1755591883419,8
63.661,-361.881,-733.307,-0.0184625,-0.832415,-0.0171701,0,1755591883427,8
59.9437,-361.861,-736.638,-0.0183977,-0.833247,-0.0176301,0,1755591883435,8
56.7016,-362.03,-740.295,-0.0192611,-0.834077,-0.0189101,0,1755591883443,8
53.5126,-362.091,-743.995,-0.0195309,-0.83436,-0.0184466,0,1755591883451,8
49.9317,-361.476,-747.48,-0.0169645,-0.834027,-0.0175531,0,1755591883459,8
46.6374,-361.448,-751.585,-0.0163883,-0.833287,-0.0162634,0,1755591883467,8
43.2756,-361.053,-754.831,-0.0168863,-0.832724,-0.0170222,0,1755591883475,8
40.1756,-361.038,-758.415,-0.0177024,-0.833244,-0.0175414,0,1755591883483,8
36.9397,-360.957,-762.104,-0.017915,-0.834079,-0.018538,0,1755591883491,8
34.016,-360.695,-765.573,-0.0179452,-0.834281,-0.0166018,0,1755591883499,8
31.1048,-360.928,-769.675,-0.0175282,-0.833198,-0.0174674,0,1755591883507,8
28.2143,-360.864,-773.745,-0.0168004,-0.832501,-0.0172426,0,1755591883515,8
25.3784,-361.029,-777.366,-0.0170227,-0.83317,-0.0175255,0,1755591883523,8
22.5541,-361.163,-781.035,-0.0177678,-0.832946,-0.0178524,0,1755591883531,8
19.634,-360.764,-784.24,-0.0169981,-0.833507,-0.0171073,0,1755591883539,8
17.2474,-360.944,-787.814,-0.0166499,-0.832574,-0.0165779,0,1755591883547,8
14.0958,-360.236,-791.15,-0.0160854,-0.831889,-0.0168355,0,1755591883555,8
11.4601,-360.18,-794.46,-0.0161034,-0.83146,-0.0168786,0,1755591883563,8
8.94643,-360.155,-797.566,-0.016578,-0.831714,-0.0172144,0,1755591883571,8
6.27791,-359.579,-800.478,-0.016683,-0.831838,-0.0170659,0,1755591883579,8
3.89951,-359.493,-803.524,-0.0166173,-0.831492,-0.0169885,0,1755591883587,8
1.64704,-359.251,-806.858,-0.0169782,-0.830395,-0.0171233,0,1755591883595,8
-0.619386,-359.053,-809.857,-0.0159878,-0.829626,-0.0163509,0,1755591883603,8
-2.88711,-359.03,-812.872,-0.0150823,-0.829121,-0.0166214,0,1755591883611,8
-4.84697,-358.873,-815.524,-0.015637,-0.82952,-0.0170573,0,1755591883619,8
-6.76562,-358.591,-817.926,-0.0166916,-0.829287,-0.0178119,0,1755591883627,8
-8.25546,-358.223,-820.158,-0.0166377,-0.828945,-0.0175537,0,1755591883635,8
-9.87315,-357.967,-822.25,-0.0170729,-0.828706,-0.0177318,0,1755591883643,8
-11.6207,-357.767,-824.56,-0.0174791,-0.827918,-0.0177815,0,1755591883651,8
-12.4411,-357.745,-826.752,-0.016855,-0.826815,-0.0184577,0,1755591883659,8
-13.8295,-357.489,-828.5,-0.017006,-0.826383,-0.0181594,0,1755591883667,8
-14.9177,-357.601,-830.512,-0.0173365,-0.82575,-0.0188874,0,1755591883675,8
-16.2172,-357.361,-832.192,-0.0169834,-0.825245,-0.0181319,0,1755591883683,8
-17.2442,-357.152,-833.529,-0.018064,-0.824511,-0.0194969,0,1755591883691,8
-17.7181,-357.29,-835.08,-0.0173809,-0.824537,-0.0185561,0,1755591883699,8
-18.6753,-357.09,-836.263,-0.017634,-0.823738,-0.0194417,0,1755591883707,8
-19.4495,-357.2,-837.677,-0.0183714,-0.823417,-0.0203033,0,1755591883715,8
-20.1849,-356.958,-838.594,-0.0181056,-0.823254,-0.0195381,0,1755591883723,8
-20.7473,-357.365,-840.103,-0.0177856,-0.822364,-0.0194354,0,1755591883731,8
-21.3431,-357.206,-840.836,-0.0178834,-0.82199,-0.0194366,0,1755591883739,8
-21.8989,-357.024,-841.54,-0.017912,-0.821537,-0.019525,0,1755591883747,8
-22.2756,-357.4,-842.76,-0.0179551,-0.82079,-0.0199703,0,1755591883755,8
-22.6403,-357.201,-843.155,-0.0180824,-0.820459,-0.0196753,0,1755591883763,8
-23.1012,-357.52,-844.23,-0.0181617,-0.820002,-0.0197187,0,1755591883771,8
-23.3855,-357.447,-844.576,-0.018316,-0.819791,-0.0200378,0,1755591883779,8
-23.6285,-357.342,-844.824,-0.0183008,-0.819442,-0.0200821,0,1755591883787,8
-23.8187,-357.401,-845.315,-0.0178449,-0.819193,-0.0199623,0,1755591883795,8
-23.9161,-357.313,-845.347,-0.0179447,-0.818946,-0.0198212,0,1755591883803,8
-24.0428,-357.226,-845.453,-0.0178842,-0.818767,-0.019819,0,1755591883811,8
-24.211,-357.258,-845.922,-0.0178225,-0.818445,-0.0196343,0,1755591883819,8
-24.274,-357.158,-845.909,-0.0178407,-0.818373,-0.0196085,0,1755591883827,8
-24.517,-357.331,-846.461,-0.0178104,-0.817983,-0.0195334,0,1755591883835,8
-24.537,-357.306,-846.357,-0.0180281,-0.817724,-0.0196453,0,1755591883843,8
-24.7004,-357.539,-847.036,-0.0181478,-0.817517,-0.0196043,0,1755591883851,8
-24.7374,-357.477,-846.933,-0.0181513,-0.817405,-0.0195651,0,1755591883859,8
-24.894,-357.648,-847.244,-0.0186188,-0.817148,-0.0201684,0,1755591883867,8
-24.8785,-357.713,-847.028,-0.0189476,-0.817019,-0.0200877,0,1755591883875,8
-24.8833,-357.862,-846.835,-0.0188355,-0.816949,-0.019831,0,1755591883883,8
-24.8739,-358.309,-847.368,-0.0186088,-0.816889,-0.0200135,0,1755591883891,8
-24.8544,-358.53,-847.164,-0.0185968,-0.816759,-0.0198427,0,1755591883899,8
-24.8722,-358.823,-846.919,-0.0182491,-0.81682,-0.019717,0,1755591883907,8
-24.8685,-359.356,-847.508,-0.0186242,-0.816572,-0.0197979,0,1755591883915,8
-24.9005,-359.597,-847.333,-0.018645,-0.816513,-0.019791,0,1755591883923,8
-24.9601,-359.851,-847.151,-0.0186372,-0.816584,-0.0199742,0,1755591883931,8
-25.0909,-360.32,-847.461,-0.0195306,-0.816783,-0.0206657,0,1755591883939,8
-25.1221,-360.78,-847.297,-0.019763,-0.816681,-0.0209374,0,1755591883947,8
-25.2668,-361.503,-847.795,-0.019584,-0.816505,-0.0206675,0,1755591883955,8
-25.2919,-362.149,-847.687,-0.0191369,-0.816493,-0.0203044,0,1755591883963,8
-25.3626,-362.742,-847.572,-0.0190581,-0.816553,-0.0201915,0,1755591883971,8
-25.4628,-363.737,-847.949,-0.0193484,-0.816382,-0.0206159,0,1755591883979,8
-25.4961,-364.367,-847.832,-0.0194035,-0.816496,-0.0208731,0,1755591883987,8
-25.4854,-365.074,-848.059,-0.019227,-0.816333,-0.0205338,0,1755591883995,8
-25.5291,-365.864,-847.902,-0.0193441,-0.816335,-0.0204124,0,1755591884003,8
-25.5335,-366.727,-847.81,-0.0199407,-0.816359,-0.0209725,0,1755591884011,8
-25.5506,-367.692,-847.669,-0.0195441,-0.816242,-0.0209558,0,1755591884019,8
-25.5407,-368.777,-847.523,-0.0193708,-0.816276,-0.0207419,0,1755591884027,8
-25.7336,-369.956,-847.841,-0.0192762,-0.816375,-0.0209405,0,1755591884035,8
-25.7361,-371.143,-847.704,-0.0185877,-0.816329,-0.020173,0,1755591884043,8
-25.8831,-372.532,-848.057,-0.0188294,-0.816238,-0.0199841,0,1755591884051,8
-26.106,-373.701,-847.949,-0.0188832,-0.816175,-0.0204666,0,1755591884059,8
-26.1331,-375.062,-847.832,-0.0194532,-0.816639,-0.0210068,0,1755591884067,8
-26.1112,-376.466,-847.785,-0.0189936,-0.815929,-0.0205109,0,1755591884075,8
-26.175,-377.933,-847.67,-0.0182946,-0.815916,-0.0197753,0,1755591884083,8
-26.1662,-379.525,-847.502,-0.0182514,-0.815916,-0.0200394,0,1755591884091,8
-26.4225,-381.056,-847.649,-0.0199126,-0.816105,-0.0221665,0,1755591884099,8
-26.3441,-382.494,-847.466,-0.0195182,-0.816066,-0.0211135,0,1755591884107,8
-26.7498,-384.224,-847.728,-0.0189075,-0.816051,-0.0197647,0,1755591884115,8
-26.8511,-385.863,-847.669,-0.0185761,-0.816237,-0.0202654,0,1755591884123,8
-27.1134,-387.562,-847.837,-0.0188737,-0.816115,-0.0208829,0,1755591884131,8
-27.1917,-389.23,-847.737,-0.0197708,-0.815898,-0.0212899,0,1755591884139,8
-27.2769,-390.918,-847.784,-0.0192686,-0.816131,-0.0207955,0,1755591884147,8
-27.4644,-392.733,-847.68,-0.0175057,-0.816062,-0.0193854,0,1755591884155,8
-27.6103,-394.547,-847.617,-0.0186753,-0.816011,-0.0198123,0,1755591884163,8
-27.8602,-396.161,-847.878,-0.0193011,-0.816066,-0.0206745,0,1755591884171,8
-28.024,-397.925,-847.865,-0.0184738,-0.816004,-0.0206108,0,1755591884179,8
-28.1309,-399.773,-847.745,-0.0192381,-0.81603,-0.0205459,0,1755591884187,8
-28.2103,-401.672,-847.862,-0.0206101,-0.815914,-0.0214599,0,1755591884195,8
-28.3389,-403.583,-847.955,-0.0197813,-0.816456,-0.0216692,0,1755591884203,8
-28.3182,-405.393,-847.851,-0.0195405,-0.815579,-0.0208454,0,1755591884211,8
-28.1025,-407.314,-847.76,-0.0183165,-0.815664,-0.0194428,0,1755591884219,8
-28.3667,-409.196,-847.769,-0.0185049,-0.815863,-0.0200548,0,1755591884227,8
-28.3063,-411.074,-847.61,-0.0192286,-0.816227,-0.0214106,0,1755591884235,8
-28.3635,-412.672,-847.558,-0.0190935,-0.815975,-0.0208052,0,1755591884243,8
-28.5332,-414.462,-847.594,-0.0179716,-0.81627,-0.0195866,0,1755591884251,8
-28.1591,-416.405,-847.205,-0.0193436,-0.815618,-0.0208829,0,1755591884259,8
-28.2293,-418.175,-847.182,-0.0196602,-0.816045,-0.0216324,0,1755591884267,8
-27.947,-419.802,-846.843,-0.0199757,-0.815417,-0.0212823,0,1755591884275,8
-27.756,-421.77,-846.951,-0.0194573,-0.815801,-0.0211001,0,1755591884283,8
-27.6984,-423.521,-846.949,-0.0194538,-0.815895,-0.0213675,0,1755591884291,8
-27.4416,-424.982,-846.712,-0.0172811,-0.816061,-0.019028,0,1755591884299,8
-27.3945,-426.72,-846.671,-0.0178524,-0.816675,-0.0192983,0,1755591884307,8
-27.3053,-428.396,-846.487,-0.0189203,-0.81655,-0.0203693,0,1755591884315,8
-27.1847,-429.854,-846.422,-0.0180154,-0.816033,-0.0192437,0,1755591884323,8
-26.9481,-431.524,-846.419,-0.0170414,-0.816743,-0.0190578,0,1755591884331,8
-27.177,-433.056,-845.977,-0.0175053,-0.817023,-0.0195435,0,1755591884339,8
-26.9566,-434.658,-845.776,-0.0176122,-0.816284,-0.018329,0,1755591884347,8
-27.6675,-435.988,-845.623,-0.0162918,-0.817798,-0.0182859,0,1755591884355,8
-27.5901,-437.548,-845.59,-0.0167651,-0.817541,-0.0174427,0,1755591884363,8
-27.5502,-438.972,-845.47,-0.0167441,-0.817324,-0.0177223,0,1755591884371,8
-27.9152,-440.1,-845.342,-0.0166853,-0.818161,-0.0174192,0,1755591884379,8
-27.9107,-441.362,-845.323,-0.0157667,-0.818173,-0.0162703,0,1755591884387,8
-27.8081,-442.616,-845.177,-0.0162062,-0.818355,-0.0170737,0,1755591884395,8
-27.8241,-443.978,-845.204,-0.0170995,-0.81852,-0.0176517,0,1755591884403,8
-27.6145,-445.091,-845.229,-0.0165112,-0.818978,-0.0181143,0,1755591884411,8
-27.4771,-446.14,-845.15,-0.0159542,-0.818911,-0.0164868,0,1755591884419,8
-27.4528,-447.234,-845.097,-0.015504,-0.818721,-0.0153342,0,1755591884427,8
-27.4991,-448.627,-845.558,-0.0165393,-0.818757,-0.0168348,0,1755591884435,8
-27.4787,-449.567,-845.579,-0.0170589,-0.818675,-0.0180697,0,1755591884443,8
-27.4119,-450.46,-845.59,-0.0168867,-0.818706,-0.0168557,0,1755591884451,8
-27.2925,-451.077,-845.878,-0.0165014,-0.818941,-0.0165226,0,1755591884459,8
-27.2226,-451.973,-845.884,-0.0169822,-0.818805,-0.0168946,0,1755591884467,8
-27.3305,-452.558,-845.769,-0.0177933,-0.81886,-0.0185096,0,1755591884475,8
-27.289,-453.178,-845.824,-0.0170701,-0.818854,-0.0173767,0,1755591884483,8
-27.2408,-453.889,-845.802,-0.016578,-0.818486,-0.0163901,0,1755591884491,8
-27.376,-454.539,-846.287,-0.0171236,-0.818815,-0.0170265,0,1755591884499,8
-27.4825,-454.985,-846.355,-0.0175118,-0.819005,-0.0176904,0,1755591884507,8
-27.3864,-455.582,-846.683,-0.0173811,-0.818887,-0.0171943,0,1755591884515,8
-27.465,-455.942,-846.711,-0.0178257,-0.819178,-0.0175692,0,1755591884523,8
-27.2206,-456.375,-846.867,-0.0178638,-0.819027,-0.0178785,0,1755591884531,8
-27.1921,-456.79,-846.916,-0.0179677,-0.818996,-0.0178776,0,1755591884539,8
-27.2064,-457.108,-846.969,-0.0176858,-0.819201,-0.017666,0,1755591884547,8
-27.0673,-457.311,-846.695,-0.0179069,-0.819142,-0.0178776,0,1755591884555,8
-27.0239,-457.619,-846.723,-0.0181553,-0.81916,-0.0178694,0,1755591884563,8
-27.0318,-457.887,-846.784,-0.0182808,-0.819416,-0.0180646,0,1755591884571,8
-27.0495,-457.922,-846.719,-0.0177692,-0.819442,-0.018146,0,1755591884579,8
-27.0482,-458.107,-846.716,-0.0181439,-0.819439,-0.0180159,0,1755591884587,8
-27.0806,-458.274,-846.563,-0.0183179,-0.819468,-0.0181093,0,1755591884595,8
-27.0955,-458.552,-846.601,-0.0185841,-0.81954,-0.0183024,0,1755591884603,8
-27.0984,-458.84,-846.641,-0.0186445,-0.819658,-0.0187077,0,1755591884611,8
-27.2256,-459.333,-846.881,-0.0181972,-0.819274,-0.0186146,0,1755591884619,8
-27.2565,-459.717,-846.853,-0.0188062,-0.819268,-0.0188988,0,1755591884627,8
-27.1542,-460.091,-846.831,-0.019285,-0.819383,-0.0192623,0,1755591884635,8
-27.2102,-460.43,-846.827,-0.0191795,-0.819253,-0.0191134,0,1755591884643,8
-27.2299,-460.736,-846.83,-0.018805,-0.819366,-0.0185643,0,1755591884651,8
-27.2875,-461.418,-846.819,-0.0193515,-0.819427,-0.0190948,0,1755591884659,8
-27.3263,-462.147,-846.827,-0.0197482,-0.819396,-0.0195995,0,1755591884667,8
-27.3258,-462.804,-846.896,-0.0198533,-0.819422,-0.019732,0,1755591884675,8
-27.3273,-463.639,-846.92,-0.0184681,-0.819414,-0.018309,0,1755591884683,8
-27.3828,-464.445,-846.918,-0.0181589,-0.819356,-0.0179582,0,1755591884691,8
-27.4813,-465.469,-846.92,-0.0192185,-0.819341,-0.0186443,0,1755591884699,8
-27.5721,-466.429,-846.915,-0.0195514,-0.819533,-0.0189757,0,1755591884707,8
-27.7535,-467.185,-846.913,-0.0193923,-0.819499,-0.018517,0,1755591884715,8
-27.8472,-468.368,-846.894,-0.019123,-0.819431,-0.018385,0,1755591884723,8
-27.8483,-469.524,-846.597,-0.0199034,-0.819545,-0.0189412,0,1755591884731,8
-27.8699,-470.845,-846.596,-0.0193978,-0.819224,-0.0186029,0,1755591884739,8
-27.9048,-472.236,-846.573,-0.0192232,-0.8192,-0.0181871,0,1755591884747,8
-28.2927,-473.535,-846.808,-0.0191388,-0.819327,-0.0182203,0,1755591884755,8
-28.402,-475.15,-846.762,-0.0192888,-0.819195,-0.0180375,0,1755591884763,8
-28.5355,-476.687,-846.729,-0.0201582,-0.819249,-0.0192453,0,1755591884771,8
-28.8546,-478.266,-847.011,-0.0199767,-0.819486,-0.0188406,0,1755591884779,8
-28.8723,-480.015,-847.016,-0.0185094,-0.819225,-0.0177214,0,1755591884787,8
-28.967,-481.576,-846.799,-0.0189325,-0.81929,-0.0175293,0,1755591884795,8
-29.0423,-483.637,-846.769,-0.0196696,-0.81928,-0.017769,0,1755591884803,8
-29.0963,-485.6,-846.747,-0.0196843,-0.818816,-0.0192109,0,1755591884811,8
-29.0598,-487.286,-846.328,-0.0190207,-0.819027,-0.0182646,0,1755591884819,8
-29.165,-489.383,-846.31,-0.018664,-0.8192,-0.0176297,0,1755591884827,8
-29.173,-491.321,-845.844,-0.0186021,-0.818856,-0.0170272,0,1755591884835,8
-29.3006,-493.433,-845.819,-0.0197538,-0.818734,-0.0183786,0,1755591884843,8
-29.4294,-495.358,-845.713,-0.020003,-0.818906,-0.01827,0,1755591884851,8
-29.4697,-497.654,-845.746,-0.0201189,-0.819542,-0.0193466,0,1755591884859,8
-29.4678,-499.868,-845.751,-0.0201388,-0.819014,-0.0190565,0,1755591884867,8
-29.6511,-502.054,-845.924,-0.0193181,-0.818914,-0.0178726,0,1755591884875,8
-29.744,-504.452,-845.924,-0.0186002,-0.819249,-0.0169679,0,1755591884883,8
-29.7066,-506.752,-845.937,-0.0193908,-0.819048,-0.0179022,0,1755591884891,8
-29.8592,-508.675,-845.795,-0.0189154,-0.819091,-0.0182938,0,1755591884899,8
-29.8937,-510.775,-845.782,-0.0187412,-0.818967,-0.0164363,0,1755591884907,8
-30.3546,-513.113,-845.572,-0.0195641,-0.81914,-0.0175781,0,1755591884915,8
-30.5755,-515.302,-845.542,-0.0200937,-0.819092,-0.0187242,0,1755591884923,8
-30.578,-517.534,-845.536,-0.021463,-0.819236,-0.0192069,0,1755591884931,8
-30.5847,-519.561,-845.691,-0.0196055,-0.819223,-0.01787,0,1755591884939,8
-30.1631,-521.802,-845.138,-0.0179193,-0.81877,-0.0164811,0,1755591884947,8
-30.2048,-524.137,-845.136,-0.0191121,-0.819049,-0.0177062,0,1755591884955,8
-30.2927,-526.059,-845.15,-0.0196534,-0.818937,-0.0188,0,1755591884963,8
-30.2423,-528.123,-845.162,-0.0190649,-0.818806,-0.0179717,0,1755591884971,8
-30.2853,-529.967,-845.026,-0.01909,-0.819046,-0.0180295,0,1755591884979,8
-30.3262,-531.869,-844.983,-0.0202456,-0.818664,-0.019369,0,1755591884987,8
-30.3142,-533.65,-844.834,-0.0214891,-0.818578,-0.0195949,0,1755591884995,8
-30.2322,-535.4,-844.905,-0.0208655,-0.818687,-0.0194254,0,1755591885003,8
-30.1719,-537.151,-845.028,-0.020124,-0.818961,-0.0186216,0,1755591885011,8
-29.9694,-539.045,-845.035,-0.0189675,-0.818869,-0.0189238,0,1755591885019,8
-29.7749,-540.704,-844.975,-0.0196602,-0.818702,-0.0190585,0,1755591885027,8
-29.5539,-542.034,-844.779,-0.0193143,-0.817848,-0.0177061,0,1755591885035,8
-29.6132,-543.26,-844.845,-0.0182811,-0.81797,-0.0176279,0,1755591885043,8
-29.4285,-544.756,-844.805,-0.017426,-0.818047,-0.0168331,0,1755591885051,8
-29.7507,-546.019,-844.627,-0.0194837,-0.818507,-0.0189388,0,1755591885059,8
-29.7506,-547.202,-844.59,-0.0203922,-0.818126,-0.0192324,0,1755591885067,8
-29.7108,-548.383,-844.635,-0.0194795,-0.818688,-0.018909,0,1755591885075,8
-29.6202,-549.547,-844.714,-0.0188699,-0.818441,-0.018712,0,1755591885083,8
-29.6074,-550.799,-844.755,-0.0192687,-0.818383,-0.0186873,0,1755591885091,8
-29.4267,-551.342,-844.318,-0.0192755,-0.818177,-0.017705,0,1755591885099,8
-29.414,-552.234,-844.385,-0.018196,-0.818271,-0.017693,0,1755591885107,8
-29.164,-553.021,-844.238,-0.018917,-0.818253,-0.0171875,0,1755591885115,8
-29.1215,-553.579,-844.198,-0.0196522,-0.81819,-0.018363,0,1755591885123,8
-29.1254,-554.007,-844.005,-0.0188584,-0.818314,-0.0174308,0,1755591885131,8
-29.0824,-554.577,-844.003,-0.0189135,-0.818408,-0.0179262,0,1755591885139,8
-28.9658,-555.16,-843.972,-0.018627,-0.81838,-0.0177101,0,1755591885147,8
-28.9845,-555.652,-843.771,-0.0187997,-0.818317,-0.0177547,0,1755591885155,8
-28.8606,-555.958,-843.753,-0.0190284,-0.818217,-0.0177897,0,1755591885163,8
-28.8225,-556.254,-843.722,-0.0181363,-0.8183,-0.0170097,0,1755591885171,8
-28.9791,-556.436,-843.666,-0.0185103,-0.818599,-0.0169324,0,1755591885179,8
-28.9901,-556.634,-843.619,-0.0196838,-0.818468,-0.0182392,0,1755591885187,8
-29.0881,-556.438,-843.099,-0.0192855,-0.818556,-0.0178012,0,1755591885195,8
-29.0271,-556.607,-843.058,-0.0189746,-0.818653,-0.0175086,0,1755591885203,8
-29.1347,-556.907,-843.315,-0.0185718,-0.818444,-0.0171227,0,1755591885211,8
-29.1036,-557.05,-843.288,-0.0184984,-0.81844,-0.0173373,0,1755591885219,8
-29.0638,-557.098,-843.243,-0.0182071,-0.818381,-0.0169441,0,1755591885227,8
-28.9841,-557.268,-843.243,-0.0182445,-0.818326,-0.0165921,0,1755591885235,8
-29.0182,-557.254,-843.175,-0.0181611,-0.818371,-0.0168533,0,1755591885243,8
-29.0184,-557.266,-843.077,-0.0184106,-0.818315,-0.0169608,0,1755591885251,8
-29.0536,-557.362,-843.17,-0.0192593,-0.818458,-0.0174211,0,1755591885259,8
-29.054,-557.342,-843.166,-0.0186641,-0.818466,-0.017116,0,1755591885267,8
-29.0241,-557.307,-842.921,-0.0181759,-0.81833,-0.0165746,0,1755591885275,8
-29.0088,-557.339,-842.88,-0.0183389,-0.818284,-0.0167299,0,1755591885283,8
-29.0663,-557.478,-843.159,-0.0182636,-0.818316,-0.0163646,0,1755591885291,8
-29.0738,-557.451,-843.135,-0.0184366,-0.818372,-0.0164277,0,1755591885299,8
-29.1057,-557.394,-843.108,-0.0182636,-0.818381,-0.0162386,0,1755591885307,8
-29.0902,-557.431,-843.253,-0.018242,-0.818225,-0.0159326,0,1755591885315,8
-29.1081,-557.418,-843.227,-0.0187045,-0.818291,-0.0162305,0,1755591885323,8
-29.088,-557.455,-843.437,-0.0183435,-0.818318,-0.0158846,0,1755591885331,8
-29.2506,-557.441,-843.789,-0.016477,-0.818776,-0.016797,0,1755591885339,8
-29.0869,-557.661,-843.662,-0.0172562,-0.817987,-0.0166048,0,1755591885347,8
-29.2398,-557.817,-843.775,-0.0166754,-0.818007,-0.0175442,0,1755591885355,8
-29.4688,-557.66,-843.884,-0.0166687,-0.817653,-0.0179574,0,1755591885363,8
-29.0325,-557.74,-844.094,-0.0158898,-0.818467,-0.0174667,0,1755591885371,8
-29.6814,-557.258,-843.855,-0.0150137,-0.818134,-0.0175546,0,1755591885379,8
-29.83,-557.258,-843.904,-0.0159792,-0.817984,-0.0184175,0,1755591885387,8
-29.9304,-557.371,-844.151,-0.0159323,-0.818621,-0.019309,0,1755591885395,8
-30.0496,-557.179,-844.255,-0.0146006,-0.818273,-0.0183414,0,1755591885403,8
-29.9734,-557.614,-844.473,-0.0146469,-0.818318,-0.019061,0,1755591885411,8
-30.1437,-557.574,-844.516,-0.015227,-0.818183,-0.0198377,0,1755591885419,8
-30.2917,-557.448,-844.617,-0.0151527,-0.818341,-0.020368,0,1755591885427,8
-29.9571,-557.703,-844.689,-0.0150777,-0.818262,-0.0209127,0,1755591885435,8
-30.0065,-557.647,-844.678,-0.0150821,-0.818278,-0.0204415,0,1755591885443,8
-29.6576,-557.954,-844.497,-0.015783,-0.818107,-0.0212339,0,1755591885451,8
-29.7015,-557.816,-844.504,-0.015593,-0.818163,-0.0211202,0,1755591885459,8
-29.7266,-557.703,-844.517,-0.0152501,-0.818223,-0.020726,0,1755591885467,8
-29.5596,-558.037,-844.558,-0.0149181,-0.817953,-0.0204731,0,1755591885475,8
-29.6021,-558.076,-844.579,-0.0154924,-0.817971,-0.0212798,0,1755591885483,8
-29.6285,-558.036,-844.585,-0.0156388,-0.818072,-0.0216143,0,1755591885491,8
-29.4578,-558.159,-844.636,-0.0149021,-0.818062,-0.020844,0,1755591885499,8
-29.4419,-558.177,-844.615,-0.0148934,-0.818028,-0.0208251,0,1755591885507,8
-29.3705,-558.404,-844.739,-0.0155247,-0.818183,-0.0213086,0,1755591885515,8
-29.351,-558.371,-844.73,-0.0153933,-0.818188,-0.0212808,0,1755591885523,8
-29.3613,-558.522,-844.751,-0.0150155,-0.818266,-0.0206473,0,1755591885531,8
-29.3429,-558.556,-844.704,-0.0150386,-0.818249,-0.0207146,0,1755591885539,8
-29.3121,-558.589,-844.664,-0.0153009,-0.818203,-0.0210408,0,1755591885547,8
-29.388,-558.29,-844.482,-0.0151524,-0.818209,-0.020751,0,1755591885555,8
-29.382,-558.266,-844.465,-0.014748,-0.818175,-0.0204019,0,1755591885563,8
-29.3712,-558.271,-844.442,-0.0147399,-0.818112,-0.020385,0,1755591885571,8
-29.4548,-558.465,-844.596,-0.0151676,-0.81822,-0.0206273,0,1755591885579,8
-29.4426,-558.434,-844.591,-0.0150472,-0.818233,-0.0204944,0,1755591885587,8
-29.4449,-558.274,-844.293,-0.0145118,-0.818154,-0.0198992,0,1755591885595,8
-29.4664,-558.289,-844.292,-0.0145697,-0.818211,-0.0199068,0,1755591885603,8
-29.4779,-558.303,-844.278,-0.0147008,-0.818264,-0.0200707,0,1755591885611,8
-29.49,-558.044,-844.124,-0.0147651,-0.818263,-0.0200701,0,1755591885619,8
-29.4798,-558.011,-844.094,-0.0146037,-0.818223,-0.0198616,0,1755591885627,8
-29.4808,-558.169,-844.251,-0.0146461,-0.818331,-0.019633,0,1755591885635,8
-29.4825,-558.164,-844.225,-0.0148661,-0.818254,-0.0199181,0,1755591885643,8
-29.4927,-558.373,-844.549,-0.0149462,-0.818292,-0.0199322,0,1755591885651,8
-29.4911,-558.355,-844.544,-0.0147918,-0.818205,-0.0197612,0,1755591885659,8
-29.4944,-558.373,-844.532,-0.0146627,-0.818248,-0.0196339,0,1755591885667,8
-29.4461,-558.421,-844.613,-0.015107,-0.818197,-0.0198845,0,1755591885675,8
-29.4464,-558.407,-844.63,-0.0148924,-0.818219,-0.0197198,0,1755591885683,8
-29.4487,-558.307,-844.569,-0.0148682,-0.818131,-0.0197961,0,1755591885691,8
-29.4694,-558.321,-844.582,-0.0149643,-0.818181,-0.0199256,0,1755591885699,8
-29.4813,-558.324,-844.586,-0.0150487,-0.818213,-0.0200675,0,1755591885707,8
-29.4071,-558.457,-844.784,-0.0149547,-0.818121,-0.0199181,0,1755591885715,8
-29.3858,-558.451,-844.779,-0.014735,-0.818152,-0.0196187,0,1755591885723,8
-29.3686,-558.288,-844.339,-0.0144541,-0.81813,-0.0193703,0,1755591885731,8
-29.3607,-558.279,-844.303,-0.0147764,-0.818106,-0.0195852,0,1755591885739,8
-29.3458,-558.249,-844.278,-0.0147529,-0.818106,-0.0195831,0,1755591885747,8
-29.3906,-558.34,-844.472,-0.0146765,-0.818259,-0.0193242,0,1755591885755,8
-29.3849,-558.348,-844.458,-0.014758,-0.818198,-0.0194106,0,1755591885763,8
-29.4387,-558.243,-844.401,-0.014659,-0.818145,-0.0192743,0,1755591885771,8
-29.4549,-558.208,-844.403,-0.0146918,-0.818161,-0.0193106,0,1755591885779,8
-29.4656,-558.189,-844.417,-0.0144516,-0.818146,-0.0191898,0,1755591885787,8
-29.4671,-558.434,-844.673,-0.0146708,-0.818334,-0.0192183,0,1755591885795,8
-29.4757,-558.439,-844.676,-0.0147034,-0.818346,-0.0192161,0,1755591885803,8
-29.485,-558.443,-844.684,-0.0147669,-0.818307,-0.0192487,0,1755591885811,8
-29.4529,-558.333,-844.484,-0.0145181,-0.81831,-0.0190745,0,1755591885819,8
-29.4387,-558.465,-844.586,-0.0145416,-0.818381,-0.0189965,0,1755591885827,8
-29.4428,-558.48,-844.564,-0.0147067,-0.818392,-0.0191711,0,1755591885835,8
-29.4453,-558.468,-844.545,-0.0146494,-0.818354,-0.0191042,0,1755591885843,8
-29.4474,-558.506,-844.708,-0.0144698,-0.818389,-0.018689,0,1755591885851,8
-29.4561,-558.526,-844.703,-0.0144463,-0.818325,-0.0186495,0,1755591885859,8
-29.457,-558.581,-844.777,-0.0147089,-0.818515,-0.018757,0,1755591885867,8
-29.4578,-558.582,-844.78,-0.0146939,-0.818485,-0.0187359,0,1755591885875,8
-29.4705,-558.556,-844.803,-0.0145724,-0.818413,-0.0186076,0,1755591885883,8
-29.4491,-558.506,-844.807,-0.0147458,-0.818422,-0.0186107,0,1755591885891,8
-29.4677,-558.511,-844.832,-0.0148437,-0.818485,-0.0187492,0,1755591885899,8
-29.4941,-558.457,-844.859,-0.0147942,-0.818464,-0.0187332,0,1755591885907,8
-29.504,-558.443,-844.872,-0.0146767,-0.818461,-0.0186101,0,1755591885915,8
-29.516,-558.433,-844.887,-0.0146769,-0.818486,-0.018622,0,1755591885923,8
-29.4891,-558.411,-844.78,-0.0146237,-0.818431,-0.0186128,0,1755591885931,8
-29.5,-558.391,-844.781,-0.0144839,-0.818427,-0.0184914,0,1755591885939,8
-29.4577,-558.309,-844.573,-0.0143219,-0.818382,-0.0185159,0,1755591885947,8
-29.4553,-558.328,-844.566,-0.0144408,-0.81835,-0.0186617,0,1755591885955,8
-29.465,-558.328,-844.567,-0.0145135,-0.818337,-0.018753,0,1755591885963,8
-29.3836,-558.457,-844.634,-0.0145069,-0.818269,-0.0186121,0,1755591885971,8
-29.395,-558.467,-844.644,-0.0144836,-0.818316,-0.0185824,0,1755591885979,8
-29.4158,-558.672,-844.868,-0.014451,-0.818437,-0.0183899,0,1755591885987,8
-29.4196,-558.705,-844.888,-0.0145626,-0.81838,-0.018461,0,1755591885995,8
-29.4224,-558.708,-844.923,-0.014525,-0.818414,-0.0184858,0,1755591886003,8
-29.4252,-558.667,-844.862,-0.0145552,-0.818543,-0.0184392,0,1755591886011,8
-29.4346,-558.686,-844.873,-0.0146453,-0.818512,-0.0185362,0,1755591886019,8
-29.4149,-558.616,-844.867,-0.0148526,-0.818574,-0.0185977,0,1755591886027,8
-29.4054,-558.616,-844.882,-0.0148193,-0.818582,-0.0185688,0,1755591886035,8
-29.3964,-558.62,-844.889,-0.014678,-0.818545,-0.0183898,0,1755591886043,8
-29.4099,-558.653,-844.929,-0.0147259,-0.818531,-0.0183069,0,1755591886051,8
-29.4182,-558.655,-844.947,-0.0148038,-0.818548,-0.0184738,0,1755591886059,8
-29.4164,-558.448,-844.635,-0.0144756,-0.818525,-0.0182191,0,1755591886067,8
-29.4173,-558.447,-844.645,-0.014442,-0.818477,-0.0181802,0,1755591886075,8
